{
"H": {
      "coeffs":[[0.1000000000E+01],[0.1000000000E+01]],
      "exponents":[[0.1309756377e+01],[0.1309756377e+01]],
      "shells":["S","D"]
      },
"He": {
      "coeffs": [[0.4013973935e-01,0.2612460970e+00,0.7931846246e+00],
                 [0.1000000000E+01]],
      "exponents":[[0.3842163400e+02,0.5778030000e+01,0.1241774000e+01],
                   [0.2979640000e+00]],
      "shells":["S","S"]
     },
"O": {
      "coeffs": [[-0.9996722919e-01,0.3995128261e+00,0.7001154689e+00],
                 [0.1559162750e+00,0.6076837186e+00,0.3919573931e+00]],
      "exponents":[[0.5033151319e+01,0.1169596125e+01,0.3803889600e+00],
                   [0.5033151319e+01,0.1169596125e+01,0.3803889600e+00]],
      "shells":["S","P"]
     }
}